{"cameraMode":{"drawMode":0,"name":"Shaded","section":"Shading Mode"},"sceneLighting":true,"audioPlay":false,"sceneViewState":{"showFog":true,"showMaterialUpdate":false,"showSkybox":true,"showFlares":true,"showImageEffects":true,"showParticleSystems":true},"in2DMode":false,"pivot":{"x":-8.795852661132813,"y":-18.07984733581543,"z":1.6929478645324708},"rotation":{"x":-0.36130279302597048,"y":0.508058488368988,"z":-0.24749712646007539,"w":-0.7416761517524719},"size":21.050220489501954,"orthographic":false}